environment,iceonfir,11,keep,crisi,june,premier,find,colorado,produc
partner,profit,make,chang,concern,togeth,go,artist,conservationist,video,zzzz
natur,industri,effort,build,part,chang,climat,solut,action,naturalclimatesolut
savebristolbay,conservationist,visit,avail,californian,limit,never,day,11,standwithbearsear
safe,scienc,effort,produc,happen,inspir,long,lifetim,sustain,acr
the,protect,support,dicapriofdn,000,air,keep,must,global,proud
in,hbodoc,theater,thank,extinct,action,lead,save,compani,take
look,support,urgent,climat,comment,plan,day,threat,standwithbearsear,princevillecap
natur,the,benefit,climat,sustain,crisi,human,peopl,ipbes7,economi
protect,sign,the,petit,oil,waorani,drill,waoraniresist,land,peopl
goal,stream,earth,you,everi,see,action,dicapriofdn,profit,global
new,air,that,sign,file,court,need,juliana,continu,report
may,elect,lifetim,bay,import,visit,poll,bristol,the,stop
ape,help,world,limit,dicapriofdn,ensur,vote,purchas,janegoodallinst,apparel
photo,bristol,stop,use,toxic,comment,day,mine,thi,juli
california,thought,safe,prayer,victim,wildfir,honor,announc,half,onli
proud,fund,produc,100,carbon,docu,execut,bear,seri,save
incred,seaofshadowsso,talent,team,it,congratul,one,sundancefest,work,vaquita
climat,thi,vote,chang,novemb,th,go,learn,get,california
in,theater,go,onceuponatimeinhollywood,like,juli,send,26,ape,ensur
